{"inputUnits":[42],"outputUnits":9,"inputs":{"0":{"dtype":"number","min":104.32591503640712,"max":226.04157645236887},"1":{"dtype":"number","min":243.66354685372337,"max":395.17351003493104},"2":{"dtype":"number","min":159.1042676037882,"max":265.3463445391687},"3":{"dtype":"number","min":254.16586512481365,"max":383.0789673094797},"4":{"dtype":"number","min":163.89406458770114,"max":294.13967992335824},"5":{"dtype":"number","min":243.37390867975887,"max":362.3303355273284},"6":{"dtype":"number","min":153.00657521288318,"max":318.5904997023763},"7":{"dtype":"number","min":221.96094700916544,"max":353.7854622582145},"8":{"dtype":"number","min":139.37126185224048,"max":347.65720047496836},"9":{"dtype":"number","min":203.37475692858763,"max":352.38616489689093},"10":{"dtype":"number","min":181.7606342483709,"max":280.8880791691961},"11":{"dtype":"number","min":174.57383440863325,"max":312.30247428311975},"12":{"dtype":"number","min":191.77603251339565,"max":296.339466072941},"13":{"dtype":"number","min":135.85965055944936,"max":280.7961498501849},"14":{"dtype":"number","min":193.64011560034533,"max":299.1403937509647},"15":{"dtype":"number","min":131.61433391743859,"max":279.69435664143066},"16":{"dtype":"number","min":187.50144416275396,"max":319.5352995630444},"17":{"dtype":"number","min":139.444974517865,"max":288.39403977738743},"18":{"dtype":"number","min":163.0891930590673,"max":260.1634282732494},"19":{"dtype":"number","min":160.73772508914965,"max":303.7625173424024},"20":{"dtype":"number","min":167.59480024376325,"max":280.2640442064082},"21":{"dtype":"number","min":121.8087878021193,"max":292.45846488131997},"22":{"dtype":"number","min":159.46316410662422,"max":289.39047892901436},"23":{"dtype":"number","min":121.49223927168,"max":319.27124224644524},"24":{"dtype":"number","min":150.23198925667347,"max":303.43056990858213},"25":{"dtype":"number","min":130.57799673814674,"max":335.5580734036071},"26":{"dtype":"number","min":145.6346638965097,"max":272.1920542149562},"27":{"dtype":"number","min":157.3830594495836,"max":308.06387659506015},"28":{"dtype":"number","min":150.78460843938223,"max":287.1698019543838},"29":{"dtype":"number","min":124.3476311504071,"max":304.59325417479283},"30":{"dtype":"number","min":152.21977240696128,"max":279.60546599630646},"31":{"dtype":"number","min":120.14585769007924,"max":325.7172482778127},"32":{"dtype":"number","min":149.05555952950112,"max":299.4805765337758},"33":{"dtype":"number","min":128.68403102814415,"max":341.0420353968436},"34":{"dtype":"number","min":130.32616031874707,"max":292.5003234479965},"35":{"dtype":"number","min":160.0783826403072,"max":321.53512033796807},"36":{"dtype":"number","min":134.46801166855676,"max":315.26739221854666},"37":{"dtype":"number","min":138.54327359774294,"max":326.98538888149676},"38":{"dtype":"number","min":139.663742159928,"max":334.30724416794584},"39":{"dtype":"number","min":132.83214525220154,"max":340.0760620531514},"40":{"dtype":"number","min":142.45377345408298,"max":349.3740723781462},"41":{"dtype":"number","min":136.50757788326473,"max":336.6027316350414}},"outputs":{"0":{"dtype":"string","min":0,"max":1,"uniqueValues":["Camera On","Camera Off","Mic on","Mic off","chat open","chat close","captions on","captions off","end meet"],"legend":{"Camera On":[1,0,0,0,0,0,0,0,0],"Camera Off":[0,1,0,0,0,0,0,0,0],"Mic on":[0,0,1,0,0,0,0,0,0],"Mic off":[0,0,0,1,0,0,0,0,0],"chat open":[0,0,0,0,1,0,0,0,0],"chat close":[0,0,0,0,0,1,0,0,0],"captions on":[0,0,0,0,0,0,1,0,0],"captions off":[0,0,0,0,0,0,0,1,0],"end meet":[0,0,0,0,0,0,0,0,1]}}},"isNormalized":true}