{
	"inputUnits": [42],
	"outputUnits": 9,
	"inputs": {
		"0": {
			"dtype": "number",
			"min": 61.934005792403525,
			"max": 348.26598055710895
		},
		"1": {
			"dtype": "number",
			"min": 154.49860343258413,
			"max": 420.95809369753897
		},
		"2": {
			"dtype": "number",
			"min": 105.03423540194802,
			"max": 387.2418902660332
		},
		"3": {
			"dtype": "number",
			"min": 154.84206765594448,
			"max": 393.4651127747104
		},
		"4": {
			"dtype": "number",
			"min": 74.73730282746112,
			"max": 407.5511210900286
		},
		"5": {
			"dtype": "number",
			"min": 134.17299370998177,
			"max": 361.9636492597439
		},
		"6": {
			"dtype": "number",
			"min": 67.74033081431642,
			"max": 427.18297012354134
		},
		"7": {
			"dtype": "number",
			"min": 95.47142176377336,
			"max": 351.9531743892835
		},
		"8": {
			"dtype": "number",
			"min": 75.55396229498862,
			"max": 448.5279999958559
		},
		"9": {
			"dtype": "number",
			"min": 91.30150727792346,
			"max": 359.6305892812887
		},
		"10": {
			"dtype": "number",
			"min": 98.83199022671876,
			"max": 391.5852823607927
		},
		"11": {
			"dtype": "number",
			"min": 82.28365279785375,
			"max": 299.6185285424055
		},
		"12": {
			"dtype": "number",
			"min": 95.91660341777961,
			"max": 416.93115001173686
		},
		"13": {
			"dtype": "number",
			"min": 52.918468178923035,
			"max": 250.86133389228365
		},
		"14": {
			"dtype": "number",
			"min": 105.00439307291833,
			"max": 433.8185193496978
		},
		"15": {
			"dtype": "number",
			"min": 37.0933377572998,
			"max": 261.8695413185971
		},
		"16": {
			"dtype": "number",
			"min": 111.56725346182186,
			"max": 443.91608692520896
		},
		"17": {
			"dtype": "number",
			"min": 13.129177853276119,
			"max": 278.89101683651853
		},
		"18": {
			"dtype": "number",
			"min": 96.60233244181964,
			"max": 387.4014343981169
		},
		"19": {
			"dtype": "number",
			"min": 77.08041403682027,
			"max": 314.0464638995277
		},
		"20": {
			"dtype": "number",
			"min": 110.67750581945776,
			"max": 417.2328066207749
		},
		"21": {
			"dtype": "number",
			"min": 40.809369241374284,
			"max": 313.0711772180452
		},
		"22": {
			"dtype": "number",
			"min": 101.46714030440309,
			"max": 435.02166561263925
		},
		"23": {
			"dtype": "number",
			"min": 24.26055369140468,
			"max": 349.4990617397966
		},
		"24": {
			"dtype": "number",
			"min": 90.96539767832104,
			"max": 445.37263487281854
		},
		"25": {
			"dtype": "number",
			"min": -4.23407324193299,
			"max": 363.0584426897664
		},
		"26": {
			"dtype": "number",
			"min": 83.81304682983551,
			"max": 384.20209550584735
		},
		"27": {
			"dtype": "number",
			"min": 73.8838981704904,
			"max": 328.16945112095357
		},
		"28": {
			"dtype": "number",
			"min": 81.44863601075043,
			"max": 414.1318806036063
		},
		"29": {
			"dtype": "number",
			"min": 43.801986368241145,
			"max": 356.4597222918197
		},
		"30": {
			"dtype": "number",
			"min": 77.22718614498561,
			"max": 432.49062028821106
		},
		"31": {
			"dtype": "number",
			"min": 45.666348658391826,
			"max": 381.6582068265203
		},
		"32": {
			"dtype": "number",
			"min": 67.96124368859086,
			"max": 442.78125969790415
		},
		"33": {
			"dtype": "number",
			"min": 10.208807853101021,
			"max": 385.32917197259127
		},
		"34": {
			"dtype": "number",
			"min": 56.359625654510616,
			"max": 380.47542867555455
		},
		"35": {
			"dtype": "number",
			"min": 72.38987549464943,
			"max": 356.1705188624663
		},
		"36": {
			"dtype": "number",
			"min": 48.55462427945403,
			"max": 406.4893459753802
		},
		"37": {
			"dtype": "number",
			"min": 53.912430419506876,
			"max": 385.30161800682345
		},
		"38": {
			"dtype": "number",
			"min": 55.259809366760535,
			"max": 423.086663584608
		},
		"39": {
			"dtype": "number",
			"min": 50.978262088279294,
			"max": 404.17675817534223
		},
		"40": {
			"dtype": "number",
			"min": 54.07281489481405,
			"max": 434.1532650649808
		},
		"41": {
			"dtype": "number",
			"min": 54.78502660737355,
			"max": 405.50177846069323
		}
	},
	"outputs": {
		"0": {
			"dtype": "string",
			"min": 0,
			"max": 1,
			"uniqueValues": [
				"Camera On",
				"Camera Off",
				"Mic on",
				"Mic off",
				"chat open",
				"chat close",
				"captions on",
				"captions off",
				"end meet"
			],
			"legend": {
				"Camera On": [1, 0, 0, 0, 0, 0, 0, 0, 0],
				"Camera Off": [0, 1, 0, 0, 0, 0, 0, 0, 0],
				"Mic on": [0, 0, 1, 0, 0, 0, 0, 0, 0],
				"Mic off": [0, 0, 0, 1, 0, 0, 0, 0, 0],
				"chat open": [0, 0, 0, 0, 1, 0, 0, 0, 0],
				"chat close": [0, 0, 0, 0, 0, 1, 0, 0, 0],
				"captions on": [0, 0, 0, 0, 0, 0, 1, 0, 0],
				"captions off": [0, 0, 0, 0, 0, 0, 0, 1, 0],
				"end meet": [0, 0, 0, 0, 0, 0, 0, 0, 1]
			}
		}
	},
	"isNormalized": true
}
